Title,Description,Video Embed
The Side Hustle Projects | Darrien & Sara Conference,The Side Hustle Projects | Darrien & Sara Conference,"<iframe src=""https://www.youtube.com/embed/gbLmku5QACM?si=19idLeh9MaF4JdlJ"" title=""YouTube video player""
                    frameborder=""0""
                    allow=""accelerometer; autoplay; clipboard-write; encrypted-media; gyroscope; picture-in-picture; web-share""
                    referrerpolicy=""strict-origin-when-cross-origin"" allowfullscreen></iframe>"
The Side Hustle Projects | Darrien & Sara Conference,The Side Hustle Projects | Darrien & Sara Conference,"<iframe src=""https://www.youtube.com/embed/gbLmku5QACM?si=19idLeh9MaF4JdlJ"" title=""YouTube video player""
                    frameborder=""0""
                    allow=""accelerometer; autoplay; clipboard-write; encrypted-media; gyroscope; picture-in-picture; web-share""
                    referrerpolicy=""strict-origin-when-cross-origin"" allowfullscreen></iframe>"
The Side Hustle Projects | Darrien & Sara Conference,The Side Hustle Projects | Darrien & Sara Conference,"<iframe src=""https://www.youtube.com/embed/gbLmku5QACM?si=19idLeh9MaF4JdlJ"" title=""YouTube video player""
                    frameborder=""0""
                    allow=""accelerometer; autoplay; clipboard-write; encrypted-media; gyroscope; picture-in-picture; web-share""
                    referrerpolicy=""strict-origin-when-cross-origin"" allowfullscreen></iframe>"
